DEPARTMENT_ID,Avg_salary
60,5760.0
30,4150.0
70,10000.0
40,6500.0
110,10154.0
20,9500.0
100,8601.333333333334
90,19333.333333333332
10,4400.0
50,3721.7391304347825
